image_id,source_video,scene_id,frame_no,timestamp_s,split,width,height,lighting,weather,occlusion_level,blur_score,blur_level,brightness,contrast,motion_score,n_objects,classes,image_path,label_path
scene01_camA_f000000,scene01_camA.mp4,scene01,0,0.0,train,960,540,day,unknown,unknown,365.17,sharp,116.55,24.15,0.0,0,,data/frames/scene01_camA/scene01_camA_f000000.jpg,data/labels/scene01_camA/scene01_camA_f000000.txt
scene01_camA_f000015,scene01_camA.mp4,scene01,15,0.5,train,960,540,day,unknown,unknown,598.53,sharp,116.9,25.7,3.47,1,person,data/frames/scene01_camA/scene01_camA_f000015.jpg,data/labels/scene01_camA/scene01_camA_f000015.txt
scene01_camA_f000030,scene01_camA.mp4,scene01,30,1.0,train,960,540,day,unknown,unknown,663.12,sharp,116.89,27.99,2.86,3,bus;person,data/frames/scene01_camA/scene01_camA_f000030.jpg,data/labels/scene01_camA/scene01_camA_f000030.txt
scene01_camA_f000045,scene01_camA.mp4,scene01,45,1.5,train,960,540,day,unknown,unknown,702.87,sharp,117.48,29.4,4.52,3,bus;person,data/frames/scene01_camA/scene01_camA_f000045.jpg,data/labels/scene01_camA/scene01_camA_f000045.txt
scene01_camA_f000060,scene01_camA.mp4,scene01,60,2.0,train,960,540,day,unknown,unknown,772.15,sharp,118.13,30.62,5.45,3,bus;person,data/frames/scene01_camA/scene01_camA_f000060.jpg,data/labels/scene01_camA/scene01_camA_f000060.txt
scene01_camA_f000075,scene01_camA.mp4,scene01,75,2.5,train,960,540,day,unknown,unknown,805.12,sharp,118.32,31.67,6.46,3,bus;person,data/frames/scene01_camA/scene01_camA_f000075.jpg,data/labels/scene01_camA/scene01_camA_f000075.txt
scene01_camA_f000090,scene01_camA.mp4,scene01,90,3.0,train,960,540,day,unknown,unknown,871.61,sharp,118.82,32.82,7.4,4,bus;person,data/frames/scene01_camA/scene01_camA_f000090.jpg,data/labels/scene01_camA/scene01_camA_f000090.txt
scene01_camA_f000105,scene01_camA.mp4,scene01,105,3.5,train,960,540,day,unknown,unknown,905.47,sharp,118.83,33.96,8.47,4,bus;person,data/frames/scene01_camA/scene01_camA_f000105.jpg,data/labels/scene01_camA/scene01_camA_f000105.txt
scene01_camA_f000120,scene01_camA.mp4,scene01,120,4.0,train,960,540,day,unknown,unknown,928.06,sharp,118.89,34.19,9.61,4,bus;person,data/frames/scene01_camA/scene01_camA_f000120.jpg,data/labels/scene01_camA/scene01_camA_f000120.txt
scene01_camA_f000135,scene01_camA.mp4,scene01,135,4.5,train,960,540,day,unknown,unknown,922.91,sharp,118.78,34.37,9.74,4,bus;person,data/frames/scene01_camA/scene01_camA_f000135.jpg,data/labels/scene01_camA/scene01_camA_f000135.txt
scene01_camA_f000150,scene01_camA.mp4,scene01,150,5.0,train,960,540,day,unknown,unknown,935.08,sharp,118.79,34.54,9.98,4,bus;person,data/frames/scene01_camA/scene01_camA_f000150.jpg,data/labels/scene01_camA/scene01_camA_f000150.txt
scene01_camA_f000165,scene01_camA.mp4,scene01,165,5.5,train,960,540,day,unknown,unknown,939.28,sharp,118.78,34.7,10.09,4,bus;person,data/frames/scene01_camA/scene01_camA_f000165.jpg,data/labels/scene01_camA/scene01_camA_f000165.txt
scene01_camA_f000180,scene01_camA.mp4,scene01,180,6.0,train,960,540,day,unknown,unknown,920.97,sharp,118.94,34.2,9.42,4,bus;person,data/frames/scene01_camA/scene01_camA_f000180.jpg,data/labels/scene01_camA/scene01_camA_f000180.txt
scene01_camA_f000195,scene01_camA.mp4,scene01,195,6.5,train,960,540,day,unknown,unknown,921.85,sharp,118.94,34.14,8.92,4,bus;person,data/frames/scene01_camA/scene01_camA_f000195.jpg,data/labels/scene01_camA/scene01_camA_f000195.txt
scene01_camA_f000210,scene01_camA.mp4,scene01,210,7.0,train,960,540,day,unknown,unknown,902.75,sharp,119.03,34.19,8.7,4,bus;person,data/frames/scene01_camA/scene01_camA_f000210.jpg,data/labels/scene01_camA/scene01_camA_f000210.txt
scene01_camA_f000225,scene01_camA.mp4,scene01,225,7.5,train,960,540,day,unknown,unknown,940.52,sharp,118.83,34.44,9.42,4,bus;person,data/frames/scene01_camA/scene01_camA_f000225.jpg,data/labels/scene01_camA/scene01_camA_f000225.txt
scene01_camA_f000240,scene01_camA.mp4,scene01,240,8.0,train,960,540,day,unknown,unknown,956.85,sharp,118.7,34.93,9.91,4,bus;person,data/frames/scene01_camA/scene01_camA_f000240.jpg,data/labels/scene01_camA/scene01_camA_f000240.txt
scene01_camA_f000255,scene01_camA.mp4,scene01,255,8.5,train,960,540,day,unknown,unknown,956.97,sharp,118.72,35.24,10.43,4,bus;person,data/frames/scene01_camA/scene01_camA_f000255.jpg,data/labels/scene01_camA/scene01_camA_f000255.txt
scene01_camA_f000270,scene01_camA.mp4,scene01,270,9.0,train,960,540,day,unknown,unknown,971.76,sharp,118.8,35.63,10.98,4,bus;person,data/frames/scene01_camA/scene01_camA_f000270.jpg,data/labels/scene01_camA/scene01_camA_f000270.txt
scene01_camA_f000285,scene01_camA.mp4,scene01,285,9.5,train,960,540,day,unknown,unknown,964.61,sharp,118.82,35.64,11.21,4,bus;person,data/frames/scene01_camA/scene01_camA_f000285.jpg,data/labels/scene01_camA/scene01_camA_f000285.txt
scene01_camA_f000300,scene01_camA.mp4,scene01,300,10.0,train,960,540,day,unknown,unknown,981.27,sharp,118.8,35.65,11.34,4,bus;person,data/frames/scene01_camA/scene01_camA_f000300.jpg,data/labels/scene01_camA/scene01_camA_f000300.txt
scene01_camA_f000315,scene01_camA.mp4,scene01,315,10.5,train,960,540,day,unknown,unknown,937.21,sharp,118.57,35.31,10.69,4,bus;person,data/frames/scene01_camA/scene01_camA_f000315.jpg,data/labels/scene01_camA/scene01_camA_f000315.txt
scene01_camA_f000330,scene01_camA.mp4,scene01,330,11.0,train,960,540,day,unknown,unknown,897.89,sharp,118.5,34.37,9.89,4,bus;person,data/frames/scene01_camA/scene01_camA_f000330.jpg,data/labels/scene01_camA/scene01_camA_f000330.txt
scene01_camA_f000345,scene01_camA.mp4,scene01,345,11.5,train,960,540,day,unknown,unknown,878.09,sharp,118.3,33.5,8.98,4,bus;person,data/frames/scene01_camA/scene01_camA_f000345.jpg,data/labels/scene01_camA/scene01_camA_f000345.txt
scene01_camA_f000360,scene01_camA.mp4,scene01,360,12.0,train,960,540,day,unknown,unknown,829.45,sharp,118.33,32.27,7.72,2,bus;person,data/frames/scene01_camA/scene01_camA_f000360.jpg,data/labels/scene01_camA/scene01_camA_f000360.txt
scene01_camA_f000375,scene01_camA.mp4,scene01,375,12.5,train,960,540,day,unknown,unknown,750.39,sharp,117.76,31.24,6.28,2,bus;person,data/frames/scene01_camA/scene01_camA_f000375.jpg,data/labels/scene01_camA/scene01_camA_f000375.txt
scene01_camA_f000390,scene01_camA.mp4,scene01,390,13.0,train,960,540,day,unknown,unknown,697.07,sharp,117.81,29.95,5.14,2,bus;person,data/frames/scene01_camA/scene01_camA_f000390.jpg,data/labels/scene01_camA/scene01_camA_f000390.txt
scene01_camA_f000405,scene01_camA.mp4,scene01,405,13.5,train,960,540,day,unknown,unknown,668.89,sharp,117.59,28.96,4.17,2,bus;person,data/frames/scene01_camA/scene01_camA_f000405.jpg,data/labels/scene01_camA/scene01_camA_f000405.txt
scene01_camA_f000420,scene01_camA.mp4,scene01,420,14.0,train,960,540,day,unknown,unknown,648.84,sharp,117.24,27.99,3.5,2,bus;person,data/frames/scene01_camA/scene01_camA_f000420.jpg,data/labels/scene01_camA/scene01_camA_f000420.txt
scene01_camA_f000435,scene01_camA.mp4,scene01,435,14.5,train,960,540,day,unknown,unknown,603.67,sharp,116.59,27.07,2.87,1,person,data/frames/scene01_camA/scene01_camA_f000435.jpg,data/labels/scene01_camA/scene01_camA_f000435.txt
scene02_camA_f000000,scene02_camA.mp4,scene02,0,0.0,val,960,540,night,unknown,unknown,73.3,sharp,51.04,12.55,0.0,2,person,data/frames/scene02_camA/scene02_camA_f000000.jpg,data/labels/scene02_camA/scene02_camA_f000000.txt
scene02_camA_f000015,scene02_camA.mp4,scene02,15,0.5,val,960,540,night,unknown,unknown,84.72,sharp,51.3,13.18,2.26,3,bus;person,data/frames/scene02_camA/scene02_camA_f000015.jpg,data/labels/scene02_camA/scene02_camA_f000015.txt
scene02_camA_f000030,scene02_camA.mp4,scene02,30,1.0,val,960,540,night,unknown,unknown,94.45,sharp,51.4,13.9,2.89,3,bus;person,data/frames/scene02_camA/scene02_camA_f000030.jpg,data/labels/scene02_camA/scene02_camA_f000030.txt
scene02_camA_f000045,scene02_camA.mp4,scene02,45,1.5,val,960,540,night,unknown,unknown,107.62,sharp,51.7,14.41,3.47,4,bus;person,data/frames/scene02_camA/scene02_camA_f000045.jpg,data/labels/scene02_camA/scene02_camA_f000045.txt
scene02_camA_f000060,scene02_camA.mp4,scene02,60,2.0,val,960,540,night,unknown,unknown,117.81,sharp,52.05,15.09,4.08,4,bus;person,data/frames/scene02_camA/scene02_camA_f000060.jpg,data/labels/scene02_camA/scene02_camA_f000060.txt
scene02_camA_f000075,scene02_camA.mp4,scene02,75,2.5,val,960,540,night,unknown,unknown,121.19,sharp,52.28,15.56,4.65,4,bus;person,data/frames/scene02_camA/scene02_camA_f000075.jpg,data/labels/scene02_camA/scene02_camA_f000075.txt
scene02_camA_f000090,scene02_camA.mp4,scene02,90,3.0,val,960,540,night,unknown,unknown,136.51,sharp,52.34,15.91,5.14,4,bus;person,data/frames/scene02_camA/scene02_camA_f000090.jpg,data/labels/scene02_camA/scene02_camA_f000090.txt
scene02_camA_f000105,scene02_camA.mp4,scene02,105,3.5,val,960,540,night,unknown,unknown,130.68,sharp,52.21,15.79,5.2,4,bus;person,data/frames/scene02_camA/scene02_camA_f000105.jpg,data/labels/scene02_camA/scene02_camA_f000105.txt
scene02_camA_f000120,scene02_camA.mp4,scene02,120,4.0,val,960,540,night,unknown,unknown,123.3,sharp,52.12,15.36,4.72,4,bus;person,data/frames/scene02_camA/scene02_camA_f000120.jpg,data/labels/scene02_camA/scene02_camA_f000120.txt
scene02_camA_f000135,scene02_camA.mp4,scene02,135,4.5,val,960,540,night,unknown,unknown,130.98,sharp,52.28,14.91,4.54,4,bus;person,data/frames/scene02_camA/scene02_camA_f000135.jpg,data/labels/scene02_camA/scene02_camA_f000135.txt
scene02_camA_f000150,scene02_camA.mp4,scene02,150,5.0,val,960,540,night,unknown,unknown,131.13,sharp,52.5,15.06,4.71,4,bus;person,data/frames/scene02_camA/scene02_camA_f000150.jpg,data/labels/scene02_camA/scene02_camA_f000150.txt
scene02_camA_f000165,scene02_camA.mp4,scene02,165,5.5,val,960,540,night,unknown,unknown,136.64,sharp,52.3,15.63,5.03,4,bus;person,data/frames/scene02_camA/scene02_camA_f000165.jpg,data/labels/scene02_camA/scene02_camA_f000165.txt
scene02_camA_f000180,scene02_camA.mp4,scene02,180,6.0,val,960,540,night,unknown,unknown,138.9,sharp,52.14,16.05,5.18,4,bus;person,data/frames/scene02_camA/scene02_camA_f000180.jpg,data/labels/scene02_camA/scene02_camA_f000180.txt
scene02_camA_f000195,scene02_camA.mp4,scene02,195,6.5,val,960,540,night,unknown,unknown,138.41,sharp,52.05,16.15,5.41,4,bus;person,data/frames/scene02_camA/scene02_camA_f000195.jpg,data/labels/scene02_camA/scene02_camA_f000195.txt
scene02_camA_f000210,scene02_camA.mp4,scene02,210,7.0,val,960,540,night,unknown,unknown,135.83,sharp,52.09,16.21,5.43,4,bus;person,data/frames/scene02_camA/scene02_camA_f000210.jpg,data/labels/scene02_camA/scene02_camA_f000210.txt
scene02_camA_f000225,scene02_camA.mp4,scene02,225,7.5,val,960,540,night,unknown,unknown,137.22,sharp,52.33,16.06,5.42,4,bus;person,data/frames/scene02_camA/scene02_camA_f000225.jpg,data/labels/scene02_camA/scene02_camA_f000225.txt
scene02_camA_f000240,scene02_camA.mp4,scene02,240,8.0,val,960,540,night,unknown,unknown,138.39,sharp,52.46,15.89,5.45,4,bus;person,data/frames/scene02_camA/scene02_camA_f000240.jpg,data/labels/scene02_camA/scene02_camA_f000240.txt
scene02_camA_f000255,scene02_camA.mp4,scene02,255,8.5,val,960,540,night,unknown,unknown,135.89,sharp,52.52,15.53,5.31,3,bus;person,data/frames/scene02_camA/scene02_camA_f000255.jpg,data/labels/scene02_camA/scene02_camA_f000255.txt
scene02_camA_f000270,scene02_camA.mp4,scene02,270,9.0,val,960,540,night,unknown,unknown,121.74,sharp,52.51,15.15,4.8,3,bus;person,data/frames/scene02_camA/scene02_camA_f000270.jpg,data/labels/scene02_camA/scene02_camA_f000270.txt
scene02_camA_f000285,scene02_camA.mp4,scene02,285,9.5,val,960,540,night,unknown,unknown,112.45,sharp,52.13,14.63,4.23,3,bus;person,data/frames/scene02_camA/scene02_camA_f000285.jpg,data/labels/scene02_camA/scene02_camA_f000285.txt
scene02_camA_f000300,scene02_camA.mp4,scene02,300,10.0,val,960,540,night,unknown,unknown,104.04,sharp,52.09,13.99,3.67,3,bus;person,data/frames/scene02_camA/scene02_camA_f000300.jpg,data/labels/scene02_camA/scene02_camA_f000300.txt
scene02_camA_f000315,scene02_camA.mp4,scene02,315,10.5,val,960,540,night,unknown,unknown,97.07,sharp,51.79,13.47,3.19,2,bus;person,data/frames/scene02_camA/scene02_camA_f000315.jpg,data/labels/scene02_camA/scene02_camA_f000315.txt
scene02_camA_f000330,scene02_camA.mp4,scene02,330,11.0,val,960,540,night,unknown,unknown,81.63,sharp,51.41,12.8,2.63,2,bus;person,data/frames/scene02_camA/scene02_camA_f000330.jpg,data/labels/scene02_camA/scene02_camA_f000330.txt
scene02_camA_f000345,scene02_camA.mp4,scene02,345,11.5,val,960,540,night,unknown,unknown,76.45,sharp,51.27,12.64,2.15,2,bus;person,data/frames/scene02_camA/scene02_camA_f000345.jpg,data/labels/scene02_camA/scene02_camA_f000345.txt
scene02_camA_f000360,scene02_camA.mp4,scene02,360,12.0,val,960,540,night,unknown,unknown,78.12,sharp,50.96,12.89,2.22,2,person,data/frames/scene02_camA/scene02_camA_f000360.jpg,data/labels/scene02_camA/scene02_camA_f000360.txt
scene02_camA_f000375,scene02_camA.mp4,scene02,375,12.5,val,960,540,night,unknown,unknown,70.21,sharp,50.65,13.16,2.25,2,person,data/frames/scene02_camA/scene02_camA_f000375.jpg,data/labels/scene02_camA/scene02_camA_f000375.txt
scene02_camA_f000390,scene02_camA.mp4,scene02,390,13.0,val,960,540,night,unknown,unknown,67.44,sharp,50.45,13.58,2.23,2,person,data/frames/scene02_camA/scene02_camA_f000390.jpg,data/labels/scene02_camA/scene02_camA_f000390.txt
scene02_camA_f000405,scene02_camA.mp4,scene02,405,13.5,val,960,540,night,unknown,unknown,75.76,sharp,50.45,13.81,2.63,2,person,data/frames/scene02_camA/scene02_camA_f000405.jpg,data/labels/scene02_camA/scene02_camA_f000405.txt
scene02_camA_f000420,scene02_camA.mp4,scene02,420,14.0,val,960,540,night,unknown,unknown,90.73,sharp,50.72,14.26,3.17,2,person,data/frames/scene02_camA/scene02_camA_f000420.jpg,data/labels/scene02_camA/scene02_camA_f000420.txt
scene02_camA_f000435,scene02_camA.mp4,scene02,435,14.5,val,960,540,night,unknown,unknown,98.1,sharp,50.62,14.98,3.75,3,bus;person,data/frames/scene02_camA/scene02_camA_f000435.jpg,data/labels/scene02_camA/scene02_camA_f000435.txt
scene03_camA_f000000,scene03_camA.mp4,scene03,0,0.0,test,960,540,night,unknown,unknown,192.25,sharp,16.41,5.01,0.0,1,person,data/frames/scene03_camA/scene03_camA_f000000.jpg,data/labels/scene03_camA/scene03_camA_f000000.txt
scene03_camA_f000015,scene03_camA.mp4,scene03,15,0.5,test,960,540,night,unknown,unknown,171.89,sharp,16.51,5.08,3.58,1,person,data/frames/scene03_camA/scene03_camA_f000015.jpg,data/labels/scene03_camA/scene03_camA_f000015.txt
scene03_camA_f000030,scene03_camA.mp4,scene03,30,1.0,test,960,540,night,unknown,unknown,171.22,sharp,16.52,5.35,3.73,3,bus;person,data/frames/scene03_camA/scene03_camA_f000030.jpg,data/labels/scene03_camA/scene03_camA_f000030.txt
scene03_camA_f000045,scene03_camA.mp4,scene03,45,1.5,test,960,540,night,unknown,unknown,168.48,sharp,16.63,5.49,3.89,3,bus;person,data/frames/scene03_camA/scene03_camA_f000045.jpg,data/labels/scene03_camA/scene03_camA_f000045.txt
scene03_camA_f000060,scene03_camA.mp4,scene03,60,2.0,test,960,540,night,unknown,unknown,167.93,sharp,16.65,5.63,3.95,3,bus;person,data/frames/scene03_camA/scene03_camA_f000060.jpg,data/labels/scene03_camA/scene03_camA_f000060.txt
scene03_camA_f000075,scene03_camA.mp4,scene03,75,2.5,test,960,540,night,unknown,unknown,169.67,sharp,16.79,5.77,4.05,3,bus;person,data/frames/scene03_camA/scene03_camA_f000075.jpg,data/labels/scene03_camA/scene03_camA_f000075.txt
scene03_camA_f000090,scene03_camA.mp4,scene03,90,3.0,test,960,540,night,unknown,unknown,166.11,sharp,16.71,5.83,4.17,3,bus;person,data/frames/scene03_camA/scene03_camA_f000090.jpg,data/labels/scene03_camA/scene03_camA_f000090.txt
scene03_camA_f000105,scene03_camA.mp4,scene03,105,3.5,test,960,540,night,unknown,unknown,167.36,sharp,16.79,5.84,4.19,3,bus;person,data/frames/scene03_camA/scene03_camA_f000105.jpg,data/labels/scene03_camA/scene03_camA_f000105.txt
scene03_camA_f000120,scene03_camA.mp4,scene03,120,4.0,test,960,540,night,unknown,unknown,170.18,sharp,16.74,5.87,4.2,3,bus;person,data/frames/scene03_camA/scene03_camA_f000120.jpg,data/labels/scene03_camA/scene03_camA_f000120.txt
scene03_camA_f000135,scene03_camA.mp4,scene03,135,4.5,test,960,540,night,unknown,unknown,169.81,sharp,16.8,5.87,4.2,3,bus;person,data/frames/scene03_camA/scene03_camA_f000135.jpg,data/labels/scene03_camA/scene03_camA_f000135.txt
scene03_camA_f000150,scene03_camA.mp4,scene03,150,5.0,test,960,540,night,unknown,unknown,165.85,sharp,16.76,5.79,4.15,3,bus;person,data/frames/scene03_camA/scene03_camA_f000150.jpg,data/labels/scene03_camA/scene03_camA_f000150.txt
scene03_camA_f000165,scene03_camA.mp4,scene03,165,5.5,test,960,540,night,unknown,unknown,169.23,sharp,16.85,5.79,4.08,3,bus;person,data/frames/scene03_camA/scene03_camA_f000165.jpg,data/labels/scene03_camA/scene03_camA_f000165.txt
scene03_camA_f000180,scene03_camA.mp4,scene03,180,6.0,test,960,540,night,unknown,unknown,166.1,sharp,16.72,5.7,4.09,3,bus;person,data/frames/scene03_camA/scene03_camA_f000180.jpg,data/labels/scene03_camA/scene03_camA_f000180.txt
scene03_camA_f000195,scene03_camA.mp4,scene03,195,6.5,test,960,540,night,unknown,unknown,167.96,sharp,16.77,5.72,3.98,2,bus;person,data/frames/scene03_camA/scene03_camA_f000195.jpg,data/labels/scene03_camA/scene03_camA_f000195.txt
scene03_camA_f000210,scene03_camA.mp4,scene03,210,7.0,test,960,540,night,unknown,unknown,167.55,sharp,16.72,5.71,4.01,2,bus;person,data/frames/scene03_camA/scene03_camA_f000210.jpg,data/labels/scene03_camA/scene03_camA_f000210.txt
scene03_camA_f000225,scene03_camA.mp4,scene03,225,7.5,test,960,540,night,unknown,unknown,167.51,sharp,16.78,5.71,4.02,2,bus;person,data/frames/scene03_camA/scene03_camA_f000225.jpg,data/labels/scene03_camA/scene03_camA_f000225.txt
scene03_camA_f000240,scene03_camA.mp4,scene03,240,8.0,test,960,540,night,unknown,unknown,166.49,sharp,16.79,5.81,4.09,3,bus;person,data/frames/scene03_camA/scene03_camA_f000240.jpg,data/labels/scene03_camA/scene03_camA_f000240.txt
scene03_camA_f000255,scene03_camA.mp4,scene03,255,8.5,test,960,540,night,unknown,unknown,167.91,sharp,16.87,5.8,4.17,3,bus;person,data/frames/scene03_camA/scene03_camA_f000255.jpg,data/labels/scene03_camA/scene03_camA_f000255.txt
scene03_camA_f000270,scene03_camA.mp4,scene03,270,9.0,test,960,540,night,unknown,unknown,171.39,sharp,16.81,5.81,4.17,3,bus;person,data/frames/scene03_camA/scene03_camA_f000270.jpg,data/labels/scene03_camA/scene03_camA_f000270.txt
scene03_camA_f000285,scene03_camA.mp4,scene03,285,9.5,test,960,540,night,unknown,unknown,169.29,sharp,16.88,5.79,4.19,3,bus;person,data/frames/scene03_camA/scene03_camA_f000285.jpg,data/labels/scene03_camA/scene03_camA_f000285.txt
scene03_camA_f000300,scene03_camA.mp4,scene03,300,10.0,test,960,540,night,unknown,unknown,169.12,sharp,16.73,5.71,4.1,3,bus;person,data/frames/scene03_camA/scene03_camA_f000300.jpg,data/labels/scene03_camA/scene03_camA_f000300.txt
scene03_camA_f000315,scene03_camA.mp4,scene03,315,10.5,test,960,540,night,unknown,unknown,169.53,sharp,16.74,5.5,3.94,2,bus;person,data/frames/scene03_camA/scene03_camA_f000315.jpg,data/labels/scene03_camA/scene03_camA_f000315.txt
scene03_camA_f000330,scene03_camA.mp4,scene03,330,11.0,test,960,540,night,unknown,unknown,170.72,sharp,16.64,5.39,3.79,2,bus;person,data/frames/scene03_camA/scene03_camA_f000330.jpg,data/labels/scene03_camA/scene03_camA_f000330.txt
scene03_camA_f000345,scene03_camA.mp4,scene03,345,11.5,test,960,540,night,unknown,unknown,172.11,sharp,16.62,5.22,3.72,1,person,data/frames/scene03_camA/scene03_camA_f000345.jpg,data/labels/scene03_camA/scene03_camA_f000345.txt
scene03_camA_f000360,scene03_camA.mp4,scene03,360,12.0,test,960,540,night,unknown,unknown,169.83,sharp,16.46,5.07,3.63,1,person,data/frames/scene03_camA/scene03_camA_f000360.jpg,data/labels/scene03_camA/scene03_camA_f000360.txt
scene03_camA_f000375,scene03_camA.mp4,scene03,375,12.5,test,960,540,night,unknown,unknown,170.78,sharp,16.51,5.0,3.51,1,person,data/frames/scene03_camA/scene03_camA_f000375.jpg,data/labels/scene03_camA/scene03_camA_f000375.txt
scene03_camA_f000390,scene03_camA.mp4,scene03,390,13.0,test,960,540,night,unknown,unknown,170.51,sharp,16.47,5.05,3.53,2,person,data/frames/scene03_camA/scene03_camA_f000390.jpg,data/labels/scene03_camA/scene03_camA_f000390.txt
scene03_camA_f000405,scene03_camA.mp4,scene03,405,13.5,test,960,540,night,unknown,unknown,168.95,sharp,16.53,5.05,3.55,2,person,data/frames/scene03_camA/scene03_camA_f000405.jpg,data/labels/scene03_camA/scene03_camA_f000405.txt
scene03_camA_f000420,scene03_camA.mp4,scene03,420,14.0,test,960,540,night,unknown,unknown,168.96,sharp,16.49,5.05,3.55,2,person,data/frames/scene03_camA/scene03_camA_f000420.jpg,data/labels/scene03_camA/scene03_camA_f000420.txt
scene03_camA_f000435,scene03_camA.mp4,scene03,435,14.5,test,960,540,night,unknown,unknown,171.05,sharp,16.54,5.06,3.58,2,person,data/frames/scene03_camA/scene03_camA_f000435.jpg,data/labels/scene03_camA/scene03_camA_f000435.txt
scene04_camA_f000000,scene04_camA.mp4,scene04,0,0.0,train,960,540,day,unknown,unknown,396.67,sharp,111.1,29.52,0.0,2,person,data/frames/scene04_camA/scene04_camA_f000000.jpg,data/labels/scene04_camA/scene04_camA_f000000.txt
scene04_camA_f000015,scene04_camA.mp4,scene04,15,0.5,train,960,540,day,unknown,unknown,624.63,sharp,111.16,31.11,6.4,3,bus;person,data/frames/scene04_camA/scene04_camA_f000015.jpg,data/labels/scene04_camA/scene04_camA_f000015.txt
scene04_camA_f000030,scene04_camA.mp4,scene04,30,1.0,train,960,540,day,unknown,unknown,708.39,sharp,111.68,32.62,5.36,3,bus;person,data/frames/scene04_camA/scene04_camA_f000030.jpg,data/labels/scene04_camA/scene04_camA_f000030.txt
scene04_camA_f000045,scene04_camA.mp4,scene04,45,1.5,train,960,540,day,unknown,unknown,770.44,sharp,111.58,34.66,7.12,4,bus;person,data/frames/scene04_camA/scene04_camA_f000045.jpg,data/labels/scene04_camA/scene04_camA_f000045.txt
scene04_camA_f000060,scene04_camA.mp4,scene04,60,2.0,train,960,540,day,unknown,unknown,819.84,sharp,112.0,35.65,8.8,4,bus;person,data/frames/scene04_camA/scene04_camA_f000060.jpg,data/labels/scene04_camA/scene04_camA_f000060.txt
scene04_camA_f000075,scene04_camA.mp4,scene04,75,2.5,train,960,540,day,unknown,unknown,877.03,sharp,112.36,36.36,9.74,4,bus;person,data/frames/scene04_camA/scene04_camA_f000075.jpg,data/labels/scene04_camA/scene04_camA_f000075.txt
scene04_camA_f000090,scene04_camA.mp4,scene04,90,3.0,train,960,540,day,unknown,unknown,874.64,sharp,112.35,36.52,10.5,4,bus;person,data/frames/scene04_camA/scene04_camA_f000090.jpg,data/labels/scene04_camA/scene04_camA_f000090.txt
scene04_camA_f000105,scene04_camA.mp4,scene04,105,3.5,train,960,540,day,unknown,unknown,870.15,sharp,112.22,36.48,10.48,4,bus;person,data/frames/scene04_camA/scene04_camA_f000105.jpg,data/labels/scene04_camA/scene04_camA_f000105.txt
scene04_camA_f000120,scene04_camA.mp4,scene04,120,4.0,train,960,540,day,unknown,unknown,849.18,sharp,112.13,36.38,10.3,4,bus;person,data/frames/scene04_camA/scene04_camA_f000120.jpg,data/labels/scene04_camA/scene04_camA_f000120.txt
scene04_camA_f000135,scene04_camA.mp4,scene04,135,4.5,train,960,540,day,unknown,unknown,773.42,sharp,111.83,35.35,9.12,3,bus;person,data/frames/scene04_camA/scene04_camA_f000135.jpg,data/labels/scene04_camA/scene04_camA_f000135.txt
scene04_camA_f000150,scene04_camA.mp4,scene04,150,5.0,train,960,540,day,unknown,unknown,779.97,sharp,111.73,35.02,8.31,3,bus;person,data/frames/scene04_camA/scene04_camA_f000150.jpg,data/labels/scene04_camA/scene04_camA_f000150.txt
scene04_camA_f000165,scene04_camA.mp4,scene04,165,5.5,train,960,540,day,unknown,unknown,738.68,sharp,111.53,33.99,7.9,4,bus;person,data/frames/scene04_camA/scene04_camA_f000165.jpg,data/labels/scene04_camA/scene04_camA_f000165.txt
scene04_camA_f000180,scene04_camA.mp4,scene04,180,6.0,train,960,540,day,unknown,unknown,717.19,sharp,111.62,33.15,6.87,4,bus;person,data/frames/scene04_camA/scene04_camA_f000180.jpg,data/labels/scene04_camA/scene04_camA_f000180.txt
scene04_camA_f000195,scene04_camA.mp4,scene04,195,6.5,train,960,540,day,unknown,unknown,709.87,sharp,111.88,32.64,6.32,4,bus;person,data/frames/scene04_camA/scene04_camA_f000195.jpg,data/labels/scene04_camA/scene04_camA_f000195.txt
scene04_camA_f000210,scene04_camA.mp4,scene04,210,7.0,train,960,540,day,unknown,unknown,718.32,sharp,112.55,32.95,6.11,4,bus;person,data/frames/scene04_camA/scene04_camA_f000210.jpg,data/labels/scene04_camA/scene04_camA_f000210.txt
scene04_camA_f000225,scene04_camA.mp4,scene04,225,7.5,train,960,540,day,unknown,unknown,810.85,sharp,112.48,34.25,7.36,4,bus;person,data/frames/scene04_camA/scene04_camA_f000225.jpg,data/labels/scene04_camA/scene04_camA_f000225.txt
scene04_camA_f000240,scene04_camA.mp4,scene04,240,8.0,train,960,540,day,unknown,unknown,809.58,sharp,112.08,35.07,8.55,4,bus;person,data/frames/scene04_camA/scene04_camA_f000240.jpg,data/labels/scene04_camA/scene04_camA_f000240.txt
scene04_camA_f000255,scene04_camA.mp4,scene04,255,8.5,train,960,540,day,unknown,unknown,809.28,sharp,111.67,35.35,8.73,4,bus;person,data/frames/scene04_camA/scene04_camA_f000255.jpg,data/labels/scene04_camA/scene04_camA_f000255.txt
scene04_camA_f000270,scene04_camA.mp4,scene04,270,9.0,train,960,540,day,unknown,unknown,816.28,sharp,112.07,35.0,8.89,4,bus;person,data/frames/scene04_camA/scene04_camA_f000270.jpg,data/labels/scene04_camA/scene04_camA_f000270.txt
scene04_camA_f000285,scene04_camA.mp4,scene04,285,9.5,train,960,540,day,unknown,unknown,766.33,sharp,111.76,34.77,8.65,4,bus;person,data/frames/scene04_camA/scene04_camA_f000285.jpg,data/labels/scene04_camA/scene04_camA_f000285.txt
scene04_camA_f000300,scene04_camA.mp4,scene04,300,10.0,train,960,540,day,unknown,unknown,738.89,sharp,111.58,34.41,7.76,3,bus;person,data/frames/scene04_camA/scene04_camA_f000300.jpg,data/labels/scene04_camA/scene04_camA_f000300.txt
scene04_camA_f000315,scene04_camA.mp4,scene04,315,10.5,train,960,540,day,unknown,unknown,671.74,sharp,110.47,33.97,6.81,2,bus;person,data/frames/scene04_camA/scene04_camA_f000315.jpg,data/labels/scene04_camA/scene04_camA_f000315.txt
scene04_camA_f000330,scene04_camA.mp4,scene04,330,11.0,train,960,540,dusk,unknown,unknown,601.32,sharp,109.66,32.97,5.8,2,bus;person,data/frames/scene04_camA/scene04_camA_f000330.jpg,data/labels/scene04_camA/scene04_camA_f000330.txt
scene04_camA_f000345,scene04_camA.mp4,scene04,345,11.5,train,960,540,dusk,unknown,unknown,539.97,sharp,109.1,31.98,5.01,1,person,data/frames/scene04_camA/scene04_camA_f000345.jpg,data/labels/scene04_camA/scene04_camA_f000345.txt
scene04_camA_f000360,scene04_camA.mp4,scene04,360,12.0,train,960,540,dusk,unknown,unknown,521.7,sharp,109.01,31.77,3.97,1,person,data/frames/scene04_camA/scene04_camA_f000360.jpg,data/labels/scene04_camA/scene04_camA_f000360.txt
scene04_camA_f000375,scene04_camA.mp4,scene04,375,12.5,train,960,540,dusk,unknown,unknown,522.16,sharp,108.94,31.84,3.85,1,person,data/frames/scene04_camA/scene04_camA_f000375.jpg,data/labels/scene04_camA/scene04_camA_f000375.txt
scene04_camA_f000390,scene04_camA.mp4,scene04,390,13.0,train,960,540,dusk,unknown,unknown,532.89,sharp,108.93,32.04,4.01,2,person,data/frames/scene04_camA/scene04_camA_f000390.jpg,data/labels/scene04_camA/scene04_camA_f000390.txt
scene04_camA_f000405,scene04_camA.mp4,scene04,405,13.5,train,960,540,dusk,unknown,unknown,534.31,sharp,108.84,32.15,4.12,1,person,data/frames/scene04_camA/scene04_camA_f000405.jpg,data/labels/scene04_camA/scene04_camA_f000405.txt
scene04_camA_f000420,scene04_camA.mp4,scene04,420,14.0,train,960,540,dusk,unknown,unknown,601.99,sharp,109.5,32.47,4.66,1,person,data/frames/scene04_camA/scene04_camA_f000420.jpg,data/labels/scene04_camA/scene04_camA_f000420.txt
scene04_camA_f000435,scene04_camA.mp4,scene04,435,14.5,train,960,540,day,unknown,unknown,634.62,sharp,110.29,32.77,5.4,2,bus;person,data/frames/scene04_camA/scene04_camA_f000435.jpg,data/labels/scene04_camA/scene04_camA_f000435.txt
scene05_camA_f000000,scene05_camA.mp4,scene05,0,0.0,train,960,540,day,unknown,unknown,446.2,sharp,115.74,32.26,0.0,3,bus;person,data/frames/scene05_camA/scene05_camA_f000000.jpg,data/labels/scene05_camA/scene05_camA_f000000.txt
scene05_camA_f000015,scene05_camA.mp4,scene05,15,0.5,train,960,540,day,unknown,unknown,764.46,sharp,116.68,33.48,11.58,3,bus;person,data/frames/scene05_camA/scene05_camA_f000015.jpg,data/labels/scene05_camA/scene05_camA_f000015.txt
scene05_camA_f000030,scene05_camA.mp4,scene05,30,1.0,train,960,540,day,unknown,unknown,835.41,sharp,117.15,34.99,14.22,4,bus;person,data/frames/scene05_camA/scene05_camA_f000030.jpg,data/labels/scene05_camA/scene05_camA_f000030.txt
scene05_camA_f000045,scene05_camA.mp4,scene05,45,1.5,train,960,540,day,unknown,unknown,885.96,sharp,117.72,36.05,15.33,4,bus;person,data/frames/scene05_camA/scene05_camA_f000045.jpg,data/labels/scene05_camA/scene05_camA_f000045.txt
scene05_camA_f000060,scene05_camA.mp4,scene05,60,2.0,train,960,540,day,unknown,unknown,927.74,sharp,118.57,37.12,16.37,4,bus;person,data/frames/scene05_camA/scene05_camA_f000060.jpg,data/labels/scene05_camA/scene05_camA_f000060.txt
scene05_camA_f000075,scene05_camA.mp4,scene05,75,2.5,train,960,540,day,unknown,unknown,1009.51,sharp,118.83,38.04,17.43,4,bus;person,data/frames/scene05_camA/scene05_camA_f000075.jpg,data/labels/scene05_camA/scene05_camA_f000075.txt
scene05_camA_f000090,scene05_camA.mp4,scene05,90,3.0,train,960,540,day,unknown,unknown,967.9,sharp,118.86,37.62,18.14,4,bus;person,data/frames/scene05_camA/scene05_camA_f000090.jpg,data/labels/scene05_camA/scene05_camA_f000090.txt
scene05_camA_f000105,scene05_camA.mp4,scene05,105,3.5,train,960,540,day,unknown,unknown,983.54,sharp,119.61,36.16,17.74,4,bus;person,data/frames/scene05_camA/scene05_camA_f000105.jpg,data/labels/scene05_camA/scene05_camA_f000105.txt
scene05_camA_f000120,scene05_camA.mp4,scene05,120,4.0,train,960,540,day,unknown,unknown,965.63,sharp,120.29,35.16,17.04,4,bus;person,data/frames/scene05_camA/scene05_camA_f000120.jpg,data/labels/scene05_camA/scene05_camA_f000120.txt
scene05_camA_f000135,scene05_camA.mp4,scene05,135,4.5,train,960,540,day,unknown,unknown,995.44,sharp,119.97,35.87,16.68,4,bus;person,data/frames/scene05_camA/scene05_camA_f000135.jpg,data/labels/scene05_camA/scene05_camA_f000135.txt
scene05_camA_f000150,scene05_camA.mp4,scene05,150,5.0,train,960,540,day,unknown,unknown,1019.55,sharp,119.67,36.78,17.82,4,bus;person,data/frames/scene05_camA/scene05_camA_f000150.jpg,data/labels/scene05_camA/scene05_camA_f000150.txt
scene05_camA_f000165,scene05_camA.mp4,scene05,165,5.5,train,960,540,day,unknown,unknown,994.76,sharp,120.02,36.26,17.83,4,bus;person,data/frames/scene05_camA/scene05_camA_f000165.jpg,data/labels/scene05_camA/scene05_camA_f000165.txt
scene05_camA_f000180,scene05_camA.mp4,scene05,180,6.0,train,960,540,day,unknown,unknown,941.1,sharp,120.11,34.96,16.73,4,bus;person,data/frames/scene05_camA/scene05_camA_f000180.jpg,data/labels/scene05_camA/scene05_camA_f000180.txt
scene05_camA_f000195,scene05_camA.mp4,scene05,195,6.5,train,960,540,day,unknown,unknown,932.17,sharp,118.72,35.21,16.22,4,bus;person,data/frames/scene05_camA/scene05_camA_f000195.jpg,data/labels/scene05_camA/scene05_camA_f000195.txt
scene05_camA_f000210,scene05_camA.mp4,scene05,210,7.0,train,960,540,day,unknown,unknown,857.41,sharp,117.71,35.29,15.56,3,bus;person,data/frames/scene05_camA/scene05_camA_f000210.jpg,data/labels/scene05_camA/scene05_camA_f000210.txt
scene05_camA_f000225,scene05_camA.mp4,scene05,225,7.5,train,960,540,day,unknown,unknown,891.92,sharp,117.39,36.62,15.41,3,bus;person,data/frames/scene05_camA/scene05_camA_f000225.jpg,data/labels/scene05_camA/scene05_camA_f000225.txt
scene05_camA_f000240,scene05_camA.mp4,scene05,240,8.0,train,960,540,day,unknown,unknown,867.6,sharp,117.55,36.72,15.62,3,bus;person,data/frames/scene05_camA/scene05_camA_f000240.jpg,data/labels/scene05_camA/scene05_camA_f000240.txt
scene05_camA_f000255,scene05_camA.mp4,scene05,255,8.5,train,960,540,day,unknown,unknown,831.68,sharp,117.31,36.42,15.59,3,bus;person,data/frames/scene05_camA/scene05_camA_f000255.jpg,data/labels/scene05_camA/scene05_camA_f000255.txt
scene05_camA_f000270,scene05_camA.mp4,scene05,270,9.0,train,960,540,day,unknown,unknown,784.88,sharp,116.37,35.48,14.47,3,bus;person,data/frames/scene05_camA/scene05_camA_f000270.jpg,data/labels/scene05_camA/scene05_camA_f000270.txt
scene05_camA_f000285,scene05_camA.mp4,scene05,285,9.5,train,960,540,day,unknown,unknown,749.43,sharp,116.19,33.88,13.17,3,bus;person,data/frames/scene05_camA/scene05_camA_f000285.jpg,data/labels/scene05_camA/scene05_camA_f000285.txt
scene05_camA_f000300,scene05_camA.mp4,scene05,300,10.0,train,960,540,day,unknown,unknown,703.62,sharp,115.52,32.65,12.02,3,bus;person,data/frames/scene05_camA/scene05_camA_f000300.jpg,data/labels/scene05_camA/scene05_camA_f000300.txt
scene05_camA_f000315,scene05_camA.mp4,scene05,315,10.5,train,960,540,day,unknown,unknown,641.6,sharp,114.59,31.29,10.97,2,person,data/frames/scene05_camA/scene05_camA_f000315.jpg,data/labels/scene05_camA/scene05_camA_f000315.txt
scene05_camA_f000330,scene05_camA.mp4,scene05,330,11.0,train,960,540,day,unknown,unknown,563.82,sharp,113.88,30.25,9.55,1,person,data/frames/scene05_camA/scene05_camA_f000330.jpg,data/labels/scene05_camA/scene05_camA_f000330.txt
scene05_camA_f000345,scene05_camA.mp4,scene05,345,11.5,train,960,540,day,unknown,unknown,563.16,sharp,113.89,30.25,8.78,1,person,data/frames/scene05_camA/scene05_camA_f000345.jpg,data/labels/scene05_camA/scene05_camA_f000345.txt
scene05_camA_f000360,scene05_camA.mp4,scene05,360,12.0,train,960,540,day,unknown,unknown,688.59,sharp,118.13,28.3,11.65,1,bus,data/frames/scene05_camA/scene05_camA_f000360.jpg,data/labels/scene05_camA/scene05_camA_f000360.txt
scene05_camA_f000375,scene05_camA.mp4,scene05,375,12.5,train,960,540,day,unknown,unknown,712.31,sharp,118.14,28.41,9.63,1,bus,data/frames/scene05_camA/scene05_camA_f000375.jpg,data/labels/scene05_camA/scene05_camA_f000375.txt
scene05_camA_f000390,scene05_camA.mp4,scene05,390,13.0,train,960,540,day,unknown,unknown,719.93,sharp,117.95,28.5,9.75,1,bus,data/frames/scene05_camA/scene05_camA_f000390.jpg,data/labels/scene05_camA/scene05_camA_f000390.txt
scene05_camA_f000405,scene05_camA.mp4,scene05,405,13.5,train,960,540,day,unknown,unknown,709.46,sharp,118.03,28.54,9.86,1,bus,data/frames/scene05_camA/scene05_camA_f000405.jpg,data/labels/scene05_camA/scene05_camA_f000405.txt
scene05_camA_f000420,scene05_camA.mp4,scene05,420,14.0,train,960,540,day,unknown,unknown,696.59,sharp,118.14,28.62,9.77,1,bus,data/frames/scene05_camA/scene05_camA_f000420.jpg,data/labels/scene05_camA/scene05_camA_f000420.txt
scene05_camA_f000435,scene05_camA.mp4,scene05,435,14.5,train,960,540,day,unknown,unknown,719.28,sharp,118.13,28.65,9.81,1,bus,data/frames/scene05_camA/scene05_camA_f000435.jpg,data/labels/scene05_camA/scene05_camA_f000435.txt
scene06_camA_f000000,scene06_camA.mp4,scene06,0,0.0,train,960,540,day,unknown,unknown,394.7,sharp,115.37,27.91,0.0,2,person,data/frames/scene06_camA/scene06_camA_f000000.jpg,data/labels/scene06_camA/scene06_camA_f000000.txt
scene06_camA_f000015,scene06_camA.mp4,scene06,15,0.5,train,960,540,day,unknown,unknown,654.36,sharp,115.37,29.69,6.81,3,bus;person,data/frames/scene06_camA/scene06_camA_f000015.jpg,data/labels/scene06_camA/scene06_camA_f000015.txt
scene06_camA_f000030,scene06_camA.mp4,scene06,30,1.0,train,960,540,day,unknown,unknown,673.21,sharp,114.7,31.55,5.07,3,bus;person,data/frames/scene06_camA/scene06_camA_f000030.jpg,data/labels/scene06_camA/scene06_camA_f000030.txt
scene06_camA_f000045,scene06_camA.mp4,scene06,45,1.5,train,960,540,day,unknown,unknown,716.15,sharp,114.71,32.61,6.41,3,bus;person,data/frames/scene06_camA/scene06_camA_f000045.jpg,data/labels/scene06_camA/scene06_camA_f000045.txt
scene06_camA_f000060,scene06_camA.mp4,scene06,60,2.0,train,960,540,day,unknown,unknown,752.45,sharp,115.21,33.33,7.43,3,bus;person,data/frames/scene06_camA/scene06_camA_f000060.jpg,data/labels/scene06_camA/scene06_camA_f000060.txt
scene06_camA_f000075,scene06_camA.mp4,scene06,75,2.5,train,960,540,day,unknown,unknown,777.89,sharp,115.33,34.53,8.12,4,bus;person,data/frames/scene06_camA/scene06_camA_f000075.jpg,data/labels/scene06_camA/scene06_camA_f000075.txt
scene06_camA_f000090,scene06_camA.mp4,scene06,90,3.0,train,960,540,day,unknown,unknown,789.02,sharp,115.61,35.11,8.79,4,bus;person,data/frames/scene06_camA/scene06_camA_f000090.jpg,data/labels/scene06_camA/scene06_camA_f000090.txt
scene06_camA_f000105,scene06_camA.mp4,scene06,105,3.5,train,960,540,day,unknown,unknown,783.72,sharp,115.72,35.6,9.08,4,bus;person,data/frames/scene06_camA/scene06_camA_f000105.jpg,data/labels/scene06_camA/scene06_camA_f000105.txt
scene06_camA_f000120,scene06_camA.mp4,scene06,120,4.0,train,960,540,day,unknown,unknown,835.54,sharp,116.07,36.24,9.65,4,bus;person,data/frames/scene06_camA/scene06_camA_f000120.jpg,data/labels/scene06_camA/scene06_camA_f000120.txt
scene06_camA_f000135,scene06_camA.mp4,scene06,135,4.5,train,960,540,day,unknown,unknown,866.58,sharp,116.1,36.8,10.04,4,bus;person,data/frames/scene06_camA/scene06_camA_f000135.jpg,data/labels/scene06_camA/scene06_camA_f000135.txt
scene06_camA_f000150,scene06_camA.mp4,scene06,150,5.0,train,960,540,day,unknown,unknown,866.67,sharp,116.11,36.79,10.71,4,bus;person,data/frames/scene06_camA/scene06_camA_f000150.jpg,data/labels/scene06_camA/scene06_camA_f000150.txt
scene06_camA_f000165,scene06_camA.mp4,scene06,165,5.5,train,960,540,day,unknown,unknown,849.05,sharp,116.27,36.39,10.16,4,bus;person,data/frames/scene06_camA/scene06_camA_f000165.jpg,data/labels/scene06_camA/scene06_camA_f000165.txt
scene06_camA_f000180,scene06_camA.mp4,scene06,180,6.0,train,960,540,day,unknown,unknown,832.17,sharp,117.16,34.87,9.07,4,bus;person,data/frames/scene06_camA/scene06_camA_f000180.jpg,data/labels/scene06_camA/scene06_camA_f000180.txt
scene06_camA_f000195,scene06_camA.mp4,scene06,195,6.5,train,960,540,day,unknown,unknown,818.22,sharp,118.19,32.98,7.64,4,bus;person,data/frames/scene06_camA/scene06_camA_f000195.jpg,data/labels/scene06_camA/scene06_camA_f000195.txt
scene06_camA_f000210,scene06_camA.mp4,scene06,210,7.0,train,960,540,day,unknown,unknown,799.18,sharp,118.57,32.14,6.61,2,bus;person,data/frames/scene06_camA/scene06_camA_f000210.jpg,data/labels/scene06_camA/scene06_camA_f000210.txt
scene06_camA_f000225,scene06_camA.mp4,scene06,225,7.5,train,960,540,day,unknown,unknown,823.6,sharp,117.84,33.63,7.21,3,bus;person,data/frames/scene06_camA/scene06_camA_f000225.jpg,data/labels/scene06_camA/scene06_camA_f000225.txt
scene06_camA_f000240,scene06_camA.mp4,scene06,240,8.0,train,960,540,day,unknown,unknown,858.78,sharp,117.0,35.32,8.34,4,bus;person,data/frames/scene06_camA/scene06_camA_f000240.jpg,data/labels/scene06_camA/scene06_camA_f000240.txt
scene06_camA_f000255,scene06_camA.mp4,scene06,255,8.5,train,960,540,day,unknown,unknown,879.35,sharp,116.05,36.8,9.59,4,bus;person,data/frames/scene06_camA/scene06_camA_f000255.jpg,data/labels/scene06_camA/scene06_camA_f000255.txt
scene06_camA_f000270,scene06_camA.mp4,scene06,270,9.0,train,960,540,day,unknown,unknown,901.82,sharp,116.13,37.19,10.59,4,bus;person,data/frames/scene06_camA/scene06_camA_f000270.jpg,data/labels/scene06_camA/scene06_camA_f000270.txt
scene06_camA_f000285,scene06_camA.mp4,scene06,285,9.5,train,960,540,day,unknown,unknown,901.51,sharp,116.23,37.22,10.95,4,bus;person,data/frames/scene06_camA/scene06_camA_f000285.jpg,data/labels/scene06_camA/scene06_camA_f000285.txt
scene06_camA_f000300,scene06_camA.mp4,scene06,300,10.0,train,960,540,day,unknown,unknown,897.55,sharp,116.58,36.79,10.47,4,bus;person,data/frames/scene06_camA/scene06_camA_f000300.jpg,data/labels/scene06_camA/scene06_camA_f000300.txt
scene06_camA_f000315,scene06_camA.mp4,scene06,315,10.5,train,960,540,day,unknown,unknown,914.0,sharp,117.26,35.95,9.91,4,bus;person,data/frames/scene06_camA/scene06_camA_f000315.jpg,data/labels/scene06_camA/scene06_camA_f000315.txt
scene06_camA_f000330,scene06_camA.mp4,scene06,330,11.0,train,960,540,day,unknown,unknown,901.32,sharp,117.67,35.51,9.31,4,bus;person,data/frames/scene06_camA/scene06_camA_f000330.jpg,data/labels/scene06_camA/scene06_camA_f000330.txt
scene06_camA_f000345,scene06_camA.mp4,scene06,345,11.5,train,960,540,day,unknown,unknown,877.98,sharp,118.05,34.83,8.52,2,bus,data/frames/scene06_camA/scene06_camA_f000345.jpg,data/labels/scene06_camA/scene06_camA_f000345.txt
scene06_camA_f000360,scene06_camA.mp4,scene06,360,12.0,train,960,540,day,unknown,unknown,891.88,sharp,118.8,33.94,8.09,2,bus,data/frames/scene06_camA/scene06_camA_f000360.jpg,data/labels/scene06_camA/scene06_camA_f000360.txt
scene06_camA_f000375,scene06_camA.mp4,scene06,375,12.5,train,960,540,day,unknown,unknown,895.7,sharp,118.92,33.81,7.71,2,bus,data/frames/scene06_camA/scene06_camA_f000375.jpg,data/labels/scene06_camA/scene06_camA_f000375.txt
scene06_camA_f000390,scene06_camA.mp4,scene06,390,13.0,train,960,540,day,unknown,unknown,867.23,sharp,118.98,33.6,7.35,2,bus,data/frames/scene06_camA/scene06_camA_f000390.jpg,data/labels/scene06_camA/scene06_camA_f000390.txt
scene06_camA_f000405,scene06_camA.mp4,scene06,405,13.5,train,960,540,day,unknown,unknown,833.57,sharp,118.68,33.29,6.75,2,bus,data/frames/scene06_camA/scene06_camA_f000405.jpg,data/labels/scene06_camA/scene06_camA_f000405.txt
scene06_camA_f000420,scene06_camA.mp4,scene06,420,14.0,train,960,540,day,unknown,unknown,820.87,sharp,118.74,32.64,6.41,2,bus,data/frames/scene06_camA/scene06_camA_f000420.jpg,data/labels/scene06_camA/scene06_camA_f000420.txt
scene06_camA_f000435,scene06_camA.mp4,scene06,435,14.5,train,960,540,day,unknown,unknown,822.42,sharp,118.66,32.24,5.89,1,bus,data/frames/scene06_camA/scene06_camA_f000435.jpg,data/labels/scene06_camA/scene06_camA_f000435.txt
scene06_camB_f000000,scene06_camB.mp4,scene06,0,0.0,train,960,540,day,unknown,unknown,394.7,sharp,115.37,27.91,0.0,2,person,data/frames/scene06_camB/scene06_camB_f000000.jpg,data/labels/scene06_camB/scene06_camB_f000000.txt
scene06_camB_f000015,scene06_camB.mp4,scene06,15,0.5,train,960,540,day,unknown,unknown,787.6,sharp,118.22,32.02,10.7,2,bus,data/frames/scene06_camB/scene06_camB_f000015.jpg,data/labels/scene06_camB/scene06_camB_f000015.txt
scene06_camB_f000030,scene06_camB.mp4,scene06,30,1.0,train,960,540,day,unknown,unknown,797.44,sharp,118.19,31.6,9.73,1,bus,data/frames/scene06_camB/scene06_camB_f000030.jpg,data/labels/scene06_camB/scene06_camB_f000030.txt
scene06_camB_f000045,scene06_camB.mp4,scene06,45,1.5,train,960,540,day,unknown,unknown,776.54,sharp,118.22,31.06,9.42,1,bus,data/frames/scene06_camB/scene06_camB_f000045.jpg,data/labels/scene06_camB/scene06_camB_f000045.txt
scene06_camB_f000060,scene06_camB.mp4,scene06,60,2.0,train,960,540,day,unknown,unknown,708.65,sharp,118.1,30.57,8.88,1,bus,data/frames/scene06_camB/scene06_camB_f000060.jpg,data/labels/scene06_camB/scene06_camB_f000060.txt
scene06_camB_f000075,scene06_camB.mp4,scene06,75,2.5,train,960,540,day,unknown,unknown,691.2,sharp,117.63,29.94,8.38,1,bus,data/frames/scene06_camB/scene06_camB_f000075.jpg,data/labels/scene06_camB/scene06_camB_f000075.txt
scene06_camB_f000090,scene06_camB.mp4,scene06,90,3.0,train,960,540,day,unknown,unknown,688.64,sharp,117.65,29.09,7.82,1,bus,data/frames/scene06_camB/scene06_camB_f000090.jpg,data/labels/scene06_camB/scene06_camB_f000090.txt
scene06_camB_f000105,scene06_camB.mp4,scene06,105,3.5,train,960,540,day,unknown,unknown,676.53,sharp,117.62,28.21,7.48,1,bus,data/frames/scene06_camB/scene06_camB_f000105.jpg,data/labels/scene06_camB/scene06_camB_f000105.txt
scene06_camB_f000120,scene06_camB.mp4,scene06,120,4.0,train,960,540,day,unknown,unknown,626.27,sharp,117.32,27.49,6.98,1,bus,data/frames/scene06_camB/scene06_camB_f000120.jpg,data/labels/scene06_camB/scene06_camB_f000120.txt
scene06_camB_f000135,scene06_camB.mp4,scene06,135,4.5,train,960,540,day,unknown,unknown,628.02,sharp,117.05,26.73,6.62,0,,data/frames/scene06_camB/scene06_camB_f000135.jpg,data/labels/scene06_camB/scene06_camB_f000135.txt
scene06_camB_f000150,scene06_camB.mp4,scene06,150,5.0,train,960,540,day,unknown,unknown,628.8,sharp,116.92,26.1,6.45,0,,data/frames/scene06_camB/scene06_camB_f000150.jpg,data/labels/scene06_camB/scene06_camB_f000150.txt
scene06_camB_f000165,scene06_camB.mp4,scene06,165,5.5,train,960,540,day,unknown,unknown,594.88,sharp,116.64,25.43,6.15,0,,data/frames/scene06_camB/scene06_camB_f000165.jpg,data/labels/scene06_camB/scene06_camB_f000165.txt
scene06_camB_f000180,scene06_camB.mp4,scene06,180,6.0,train,960,540,day,unknown,unknown,525.57,sharp,116.57,24.67,5.77,0,,data/frames/scene06_camB/scene06_camB_f000180.jpg,data/labels/scene06_camB/scene06_camB_f000180.txt
scene06_camB_f000195,scene06_camB.mp4,scene06,195,6.5,train,960,540,day,unknown,unknown,523.03,sharp,116.53,24.31,5.29,0,,data/frames/scene06_camB/scene06_camB_f000195.jpg,data/labels/scene06_camB/scene06_camB_f000195.txt
scene06_camB_f000210,scene06_camB.mp4,scene06,210,7.0,train,960,540,day,unknown,unknown,538.41,sharp,116.53,24.34,5.14,0,,data/frames/scene06_camB/scene06_camB_f000210.jpg,data/labels/scene06_camB/scene06_camB_f000210.txt
scene06_camB_f000225,scene06_camB.mp4,scene06,225,7.5,train,960,540,day,unknown,unknown,547.38,sharp,116.52,24.39,5.27,0,,data/frames/scene06_camB/scene06_camB_f000225.jpg,data/labels/scene06_camB/scene06_camB_f000225.txt
scene06_camB_f000240,scene06_camB.mp4,scene06,240,8.0,train,960,540,day,unknown,unknown,541.14,sharp,116.13,25.9,5.99,0,,data/frames/scene06_camB/scene06_camB_f000240.jpg,data/labels/scene06_camB/scene06_camB_f000240.txt
scene06_camB_f000255,scene06_camB.mp4,scene06,255,8.5,train,960,540,day,unknown,unknown,564.56,sharp,115.47,27.15,6.79,2,person,data/frames/scene06_camB/scene06_camB_f000255.jpg,data/labels/scene06_camB/scene06_camB_f000255.txt
scene06_camB_f000270,scene06_camB.mp4,scene06,270,9.0,train,960,540,day,unknown,unknown,603.88,sharp,115.11,28.46,7.63,2,person,data/frames/scene06_camB/scene06_camB_f000270.jpg,data/labels/scene06_camB/scene06_camB_f000270.txt
scene06_camB_f000285,scene06_camB.mp4,scene06,285,9.5,train,960,540,day,unknown,unknown,599.01,sharp,114.36,29.76,8.26,2,person,data/frames/scene06_camB/scene06_camB_f000285.jpg,data/labels/scene06_camB/scene06_camB_f000285.txt
scene06_camB_f000300,scene06_camB.mp4,scene06,300,10.0,train,960,540,day,unknown,unknown,569.48,sharp,114.41,29.84,8.96,2,person,data/frames/scene06_camB/scene06_camB_f000300.jpg,data/labels/scene06_camB/scene06_camB_f000300.txt
scene06_camB_f000315,scene06_camB.mp4,scene06,315,10.5,train,960,540,day,unknown,unknown,612.14,sharp,114.39,29.79,8.88,2,person,data/frames/scene06_camB/scene06_camB_f000315.jpg,data/labels/scene06_camB/scene06_camB_f000315.txt
scene06_camB_f000330,scene06_camB.mp4,scene06,330,11.0,train,960,540,day,unknown,unknown,612.18,sharp,114.54,29.89,9.0,2,person,data/frames/scene06_camB/scene06_camB_f000330.jpg,data/labels/scene06_camB/scene06_camB_f000330.txt
scene06_camB_f000345,scene06_camB.mp4,scene06,345,11.5,train,960,540,day,unknown,unknown,611.02,sharp,114.57,29.93,8.97,2,person,data/frames/scene06_camB/scene06_camB_f000345.jpg,data/labels/scene06_camB/scene06_camB_f000345.txt
scene06_camB_f000360,scene06_camB.mp4,scene06,360,12.0,train,960,540,day,unknown,unknown,581.07,sharp,114.72,29.8,8.79,2,person,data/frames/scene06_camB/scene06_camB_f000360.jpg,data/labels/scene06_camB/scene06_camB_f000360.txt
scene06_camB_f000375,scene06_camB.mp4,scene06,375,12.5,train,960,540,day,unknown,unknown,589.1,sharp,114.68,29.71,8.66,1,person,data/frames/scene06_camB/scene06_camB_f000375.jpg,data/labels/scene06_camB/scene06_camB_f000375.txt
scene06_camB_f000390,scene06_camB.mp4,scene06,390,13.0,train,960,540,day,unknown,unknown,603.09,sharp,114.7,29.72,8.68,1,person,data/frames/scene06_camB/scene06_camB_f000390.jpg,data/labels/scene06_camB/scene06_camB_f000390.txt
scene06_camB_f000405,scene06_camB.mp4,scene06,405,13.5,train,960,540,day,unknown,unknown,602.19,sharp,114.76,29.57,8.65,1,person,data/frames/scene06_camB/scene06_camB_f000405.jpg,data/labels/scene06_camB/scene06_camB_f000405.txt
scene06_camB_f000420,scene06_camB.mp4,scene06,420,14.0,train,960,540,day,unknown,unknown,567.42,sharp,114.9,29.45,8.44,1,person,data/frames/scene06_camB/scene06_camB_f000420.jpg,data/labels/scene06_camB/scene06_camB_f000420.txt
scene06_camB_f000435,scene06_camB.mp4,scene06,435,14.5,train,960,540,day,unknown,unknown,523.03,sharp,116.53,24.31,7.82,0,,data/frames/scene06_camB/scene06_camB_f000435.jpg,data/labels/scene06_camB/scene06_camB_f000435.txt
scene07_camA_f000000,scene07_camA.mp4,scene07,0,0.0,train,960,540,day,unknown,unknown,582.92,sharp,116.02,31.87,0.0,4,person,data/frames/scene07_camA/scene07_camA_f000000.jpg,data/labels/scene07_camA/scene07_camA_f000000.txt
scene07_camA_f000015,scene07_camA.mp4,scene07,15,0.5,train,960,540,day,unknown,unknown,897.99,sharp,116.25,34.3,11.18,7,bus;person,data/frames/scene07_camA/scene07_camA_f000015.jpg,data/labels/scene07_camA/scene07_camA_f000015.txt
scene07_camA_f000030,scene07_camA.mp4,scene07,30,1.0,train,960,540,day,unknown,unknown,975.68,sharp,116.74,35.65,10.18,8,bus;person,data/frames/scene07_camA/scene07_camA_f000030.jpg,data/labels/scene07_camA/scene07_camA_f000030.txt
scene07_camA_f000045,scene07_camA.mp4,scene07,45,1.5,train,960,540,day,unknown,unknown,998.3,sharp,116.71,37.68,12.54,8,bus;person,data/frames/scene07_camA/scene07_camA_f000045.jpg,data/labels/scene07_camA/scene07_camA_f000045.txt
scene07_camA_f000060,scene07_camA.mp4,scene07,60,2.0,train,960,540,day,unknown,unknown,1105.55,sharp,117.64,39.1,14.14,8,bus;person,data/frames/scene07_camA/scene07_camA_f000060.jpg,data/labels/scene07_camA/scene07_camA_f000060.txt
scene07_camA_f000075,scene07_camA.mp4,scene07,75,2.5,train,960,540,day,unknown,unknown,1126.1,sharp,118.25,40.2,15.38,9,bus;person,data/frames/scene07_camA/scene07_camA_f000075.jpg,data/labels/scene07_camA/scene07_camA_f000075.txt
scene07_camA_f000090,scene07_camA.mp4,scene07,90,3.0,train,960,540,day,unknown,unknown,1209.76,sharp,118.96,41.27,15.97,9,bus;person,data/frames/scene07_camA/scene07_camA_f000090.jpg,data/labels/scene07_camA/scene07_camA_f000090.txt
scene07_camA_f000105,scene07_camA.mp4,scene07,105,3.5,train,960,540,day,unknown,unknown,1272.55,sharp,118.94,42.27,17.4,9,bus;person,data/frames/scene07_camA/scene07_camA_f000105.jpg,data/labels/scene07_camA/scene07_camA_f000105.txt
scene07_camA_f000120,scene07_camA.mp4,scene07,120,4.0,train,960,540,day,unknown,unknown,1287.5,sharp,119.3,42.76,18.25,9,bus;person,data/frames/scene07_camA/scene07_camA_f000120.jpg,data/labels/scene07_camA/scene07_camA_f000120.txt
scene07_camA_f000135,scene07_camA.mp4,scene07,135,4.5,train,960,540,day,unknown,unknown,1262.46,sharp,119.49,42.36,17.49,9,bus;person,data/frames/scene07_camA/scene07_camA_f000135.jpg,data/labels/scene07_camA/scene07_camA_f000135.txt
scene07_camA_f000150,scene07_camA.mp4,scene07,150,5.0,train,960,540,day,unknown,unknown,1243.87,sharp,119.94,41.58,16.89,9,bus;person,data/frames/scene07_camA/scene07_camA_f000150.jpg,data/labels/scene07_camA/scene07_camA_f000150.txt
scene07_camA_f000165,scene07_camA.mp4,scene07,165,5.5,train,960,540,day,unknown,unknown,1219.57,sharp,120.17,41.08,16.46,8,bus;person,data/frames/scene07_camA/scene07_camA_f000165.jpg,data/labels/scene07_camA/scene07_camA_f000165.txt
scene07_camA_f000180,scene07_camA.mp4,scene07,180,6.0,train,960,540,day,unknown,unknown,1255.27,sharp,120.53,40.38,16.53,6,bus;person,data/frames/scene07_camA/scene07_camA_f000180.jpg,data/labels/scene07_camA/scene07_camA_f000180.txt
scene07_camA_f000195,scene07_camA.mp4,scene07,195,6.5,train,960,540,day,unknown,unknown,1260.31,sharp,120.86,40.12,16.16,6,bus;person,data/frames/scene07_camA/scene07_camA_f000195.jpg,data/labels/scene07_camA/scene07_camA_f000195.txt
scene07_camA_f000210,scene07_camA.mp4,scene07,210,7.0,train,960,540,day,unknown,unknown,1213.73,sharp,120.65,40.72,16.23,8,bus;person,data/frames/scene07_camA/scene07_camA_f000210.jpg,data/labels/scene07_camA/scene07_camA_f000210.txt
scene07_camA_f000225,scene07_camA.mp4,scene07,225,7.5,train,960,540,day,unknown,unknown,1227.62,sharp,120.34,41.76,17.42,7,bus;person,data/frames/scene07_camA/scene07_camA_f000225.jpg,data/labels/scene07_camA/scene07_camA_f000225.txt
scene07_camA_f000240,scene07_camA.mp4,scene07,240,8.0,train,960,540,day,unknown,unknown,1293.21,sharp,120.62,42.4,17.9,7,bus;person,data/frames/scene07_camA/scene07_camA_f000240.jpg,data/labels/scene07_camA/scene07_camA_f000240.txt
scene07_camA_f000255,scene07_camA.mp4,scene07,255,8.5,train,960,540,day,unknown,unknown,1369.1,sharp,120.37,44.08,19.39,9,bus;person,data/frames/scene07_camA/scene07_camA_f000255.jpg,data/labels/scene07_camA/scene07_camA_f000255.txt
scene07_camA_f000270,scene07_camA.mp4,scene07,270,9.0,train,960,540,day,unknown,unknown,1392.37,sharp,120.09,45.32,21.51,9,bus;person,data/frames/scene07_camA/scene07_camA_f000270.jpg,data/labels/scene07_camA/scene07_camA_f000270.txt
scene07_camA_f000285,scene07_camA.mp4,scene07,285,9.5,train,960,540,day,unknown,unknown,1339.43,sharp,119.26,45.73,21.56,8,bus;person,data/frames/scene07_camA/scene07_camA_f000285.jpg,data/labels/scene07_camA/scene07_camA_f000285.txt
scene07_camA_f000300,scene07_camA.mp4,scene07,300,10.0,train,960,540,day,unknown,unknown,1297.85,sharp,119.19,45.29,20.63,7,bus;person,data/frames/scene07_camA/scene07_camA_f000300.jpg,data/labels/scene07_camA/scene07_camA_f000300.txt
scene07_camA_f000315,scene07_camA.mp4,scene07,315,10.5,train,960,540,day,unknown,unknown,1247.19,sharp,119.09,44.19,19.44,7,bus;person,data/frames/scene07_camA/scene07_camA_f000315.jpg,data/labels/scene07_camA/scene07_camA_f000315.txt
scene07_camA_f000330,scene07_camA.mp4,scene07,330,11.0,train,960,540,day,unknown,unknown,1212.15,sharp,118.88,43.31,18.52,6,bus;person,data/frames/scene07_camA/scene07_camA_f000330.jpg,data/labels/scene07_camA/scene07_camA_f000330.txt
scene07_camA_f000345,scene07_camA.mp4,scene07,345,11.5,train,960,540,day,unknown,unknown,1073.79,sharp,118.37,41.67,17.06,5,bus;person,data/frames/scene07_camA/scene07_camA_f000345.jpg,data/labels/scene07_camA/scene07_camA_f000345.txt
scene07_camA_f000360,scene07_camA.mp4,scene07,360,12.0,train,960,540,day,unknown,unknown,1051.13,sharp,118.63,40.15,15.38,4,bus;person,data/frames/scene07_camA/scene07_camA_f000360.jpg,data/labels/scene07_camA/scene07_camA_f000360.txt
scene07_camA_f000375,scene07_camA.mp4,scene07,375,12.5,train,960,540,day,unknown,unknown,976.82,sharp,118.66,38.74,13.56,4,bus;person,data/frames/scene07_camA/scene07_camA_f000375.jpg,data/labels/scene07_camA/scene07_camA_f000375.txt
scene07_camA_f000390,scene07_camA.mp4,scene07,390,13.0,train,960,540,day,unknown,unknown,964.36,sharp,118.78,37.84,12.37,4,bus;person,data/frames/scene07_camA/scene07_camA_f000390.jpg,data/labels/scene07_camA/scene07_camA_f000390.txt
scene07_camA_f000405,scene07_camA.mp4,scene07,405,13.5,train,960,540,day,unknown,unknown,915.49,sharp,118.05,37.51,11.37,3,bus;person,data/frames/scene07_camA/scene07_camA_f000405.jpg,data/labels/scene07_camA/scene07_camA_f000405.txt
scene07_camA_f000420,scene07_camA.mp4,scene07,420,14.0,train,960,540,day,unknown,unknown,891.52,sharp,118.46,35.88,10.29,4,bus;person,data/frames/scene07_camA/scene07_camA_f000420.jpg,data/labels/scene07_camA/scene07_camA_f000420.txt
scene07_camA_f000435,scene07_camA.mp4,scene07,435,14.5,train,960,540,day,unknown,unknown,960.95,sharp,118.89,35.33,9.74,4,bus;person,data/frames/scene07_camA/scene07_camA_f000435.jpg,data/labels/scene07_camA/scene07_camA_f000435.txt
scene08_camA_f000000,scene08_camA.mp4,scene08,0,0.0,val,960,540,day,unknown,unknown,192.54,sharp,117.21,25.42,0.0,1,person,data/frames/scene08_camA/scene08_camA_f000000.jpg,data/labels/scene08_camA/scene08_camA_f000000.txt
scene08_camA_f000015,scene08_camA.mp4,scene08,15,0.5,val,960,540,day,unknown,unknown,209.69,sharp,117.18,26.77,3.37,1,person,data/frames/scene08_camA/scene08_camA_f000015.jpg,data/labels/scene08_camA/scene08_camA_f000015.txt
scene08_camA_f000030,scene08_camA.mp4,scene08,30,1.0,val,960,540,day,unknown,unknown,222.4,sharp,117.68,28.29,3.98,3,bus;person,data/frames/scene08_camA/scene08_camA_f000030.jpg,data/labels/scene08_camA/scene08_camA_f000030.txt
scene08_camA_f000045,scene08_camA.mp4,scene08,45,1.5,val,960,540,day,unknown,unknown,236.77,sharp,118.12,29.45,5.07,4,bus;person,data/frames/scene08_camA/scene08_camA_f000045.jpg,data/labels/scene08_camA/scene08_camA_f000045.txt
scene08_camA_f000060,scene08_camA.mp4,scene08,60,2.0,val,960,540,day,unknown,unknown,244.77,sharp,118.57,30.33,5.89,4,bus;person,data/frames/scene08_camA/scene08_camA_f000060.jpg,data/labels/scene08_camA/scene08_camA_f000060.txt
scene08_camA_f000075,scene08_camA.mp4,scene08,75,2.5,val,960,540,day,unknown,unknown,263.54,sharp,118.9,31.37,6.29,4,bus;person,data/frames/scene08_camA/scene08_camA_f000075.jpg,data/labels/scene08_camA/scene08_camA_f000075.txt
scene08_camA_f000090,scene08_camA.mp4,scene08,90,3.0,val,960,540,day,unknown,unknown,267.75,sharp,119.26,32.1,7.13,4,bus;person,data/frames/scene08_camA/scene08_camA_f000090.jpg,data/labels/scene08_camA/scene08_camA_f000090.txt
scene08_camA_f000105,scene08_camA.mp4,scene08,105,3.5,val,960,540,day,unknown,unknown,289.53,sharp,119.82,32.96,7.8,4,bus;person,data/frames/scene08_camA/scene08_camA_f000105.jpg,data/labels/scene08_camA/scene08_camA_f000105.txt
scene08_camA_f000120,scene08_camA.mp4,scene08,120,4.0,val,960,540,day,unknown,unknown,297.55,sharp,119.95,33.62,8.71,4,bus;person,data/frames/scene08_camA/scene08_camA_f000120.jpg,data/labels/scene08_camA/scene08_camA_f000120.txt
scene08_camA_f000135,scene08_camA.mp4,scene08,135,4.5,val,960,540,day,unknown,unknown,296.46,sharp,120.05,33.91,9.32,4,bus;person,data/frames/scene08_camA/scene08_camA_f000135.jpg,data/labels/scene08_camA/scene08_camA_f000135.txt
scene08_camA_f000150,scene08_camA.mp4,scene08,150,5.0,val,960,540,day,unknown,unknown,298.32,sharp,120.2,34.02,9.44,4,bus;person,data/frames/scene08_camA/scene08_camA_f000150.jpg,data/labels/scene08_camA/scene08_camA_f000150.txt
scene08_camA_f000165,scene08_camA.mp4,scene08,165,5.5,val,960,540,day,unknown,unknown,300.01,sharp,120.29,34.18,9.7,4,bus;person,data/frames/scene08_camA/scene08_camA_f000165.jpg,data/labels/scene08_camA/scene08_camA_f000165.txt
scene08_camA_f000180,scene08_camA.mp4,scene08,180,6.0,val,960,540,day,unknown,unknown,303.75,sharp,120.24,34.05,9.05,4,bus;person,data/frames/scene08_camA/scene08_camA_f000180.jpg,data/labels/scene08_camA/scene08_camA_f000180.txt
scene08_camA_f000195,scene08_camA.mp4,scene08,195,6.5,val,960,540,day,unknown,unknown,299.35,sharp,120.23,33.75,9.24,4,bus;person,data/frames/scene08_camA/scene08_camA_f000195.jpg,data/labels/scene08_camA/scene08_camA_f000195.txt
scene08_camA_f000210,scene08_camA.mp4,scene08,210,7.0,val,960,540,day,unknown,unknown,293.08,sharp,120.05,33.79,8.48,4,bus;person,data/frames/scene08_camA/scene08_camA_f000210.jpg,data/labels/scene08_camA/scene08_camA_f000210.txt
scene08_camA_f000225,scene08_camA.mp4,scene08,225,7.5,val,960,540,day,unknown,unknown,297.24,sharp,120.43,34.2,8.74,4,bus;person,data/frames/scene08_camA/scene08_camA_f000225.jpg,data/labels/scene08_camA/scene08_camA_f000225.txt
scene08_camA_f000240,scene08_camA.mp4,scene08,240,8.0,val,960,540,day,unknown,unknown,305.64,sharp,120.68,34.31,9.57,4,bus;person,data/frames/scene08_camA/scene08_camA_f000240.jpg,data/labels/scene08_camA/scene08_camA_f000240.txt
scene08_camA_f000255,scene08_camA.mp4,scene08,255,8.5,val,960,540,day,unknown,unknown,295.62,sharp,120.92,34.57,9.6,4,bus;person,data/frames/scene08_camA/scene08_camA_f000255.jpg,data/labels/scene08_camA/scene08_camA_f000255.txt
scene08_camA_f000270,scene08_camA.mp4,scene08,270,9.0,val,960,540,day,unknown,unknown,313.28,sharp,121.25,35.42,10.35,4,bus;person,data/frames/scene08_camA/scene08_camA_f000270.jpg,data/labels/scene08_camA/scene08_camA_f000270.txt
scene08_camA_f000285,scene08_camA.mp4,scene08,285,9.5,val,960,540,day,unknown,unknown,311.98,sharp,121.37,35.52,10.84,4,bus;person,data/frames/scene08_camA/scene08_camA_f000285.jpg,data/labels/scene08_camA/scene08_camA_f000285.txt
scene08_camA_f000300,scene08_camA.mp4,scene08,300,10.0,val,960,540,day,unknown,unknown,319.41,sharp,121.59,35.75,11.31,4,bus;person,data/frames/scene08_camA/scene08_camA_f000300.jpg,data/labels/scene08_camA/scene08_camA_f000300.txt
scene08_camA_f000315,scene08_camA.mp4,scene08,315,10.5,val,960,540,day,unknown,unknown,319.07,sharp,121.61,35.9,11.24,4,bus;person,data/frames/scene08_camA/scene08_camA_f000315.jpg,data/labels/scene08_camA/scene08_camA_f000315.txt
scene08_camA_f000330,scene08_camA.mp4,scene08,330,11.0,val,960,540,day,unknown,unknown,323.02,sharp,121.81,36.05,11.57,4,bus;person,data/frames/scene08_camA/scene08_camA_f000330.jpg,data/labels/scene08_camA/scene08_camA_f000330.txt
scene08_camA_f000345,scene08_camA.mp4,scene08,345,11.5,val,960,540,day,unknown,unknown,323.99,sharp,121.62,35.76,11.45,3,bus;person,data/frames/scene08_camA/scene08_camA_f000345.jpg,data/labels/scene08_camA/scene08_camA_f000345.txt
scene08_camA_f000360,scene08_camA.mp4,scene08,360,12.0,val,960,540,day,unknown,unknown,277.04,sharp,121.49,35.59,10.65,2,bus,data/frames/scene08_camA/scene08_camA_f000360.jpg,data/labels/scene08_camA/scene08_camA_f000360.txt
scene08_camA_f000375,scene08_camA.mp4,scene08,375,12.5,val,960,540,day,unknown,unknown,270.66,sharp,121.56,35.72,10.66,2,bus,data/frames/scene08_camA/scene08_camA_f000375.jpg,data/labels/scene08_camA/scene08_camA_f000375.txt
scene08_camA_f000390,scene08_camA.mp4,scene08,390,13.0,val,960,540,day,unknown,unknown,271.98,sharp,121.6,36.03,10.44,2,bus,data/frames/scene08_camA/scene08_camA_f000390.jpg,data/labels/scene08_camA/scene08_camA_f000390.txt
scene08_camA_f000405,scene08_camA.mp4,scene08,405,13.5,val,960,540,day,unknown,unknown,269.07,sharp,121.43,35.97,10.54,2,bus,data/frames/scene08_camA/scene08_camA_f000405.jpg,data/labels/scene08_camA/scene08_camA_f000405.txt
scene08_camA_f000420,scene08_camA.mp4,scene08,420,14.0,val,960,540,day,unknown,unknown,266.12,sharp,121.18,35.71,10.11,2,bus,data/frames/scene08_camA/scene08_camA_f000420.jpg,data/labels/scene08_camA/scene08_camA_f000420.txt
scene08_camA_f000435,scene08_camA.mp4,scene08,435,14.5,val,960,540,day,unknown,unknown,268.47,sharp,121.25,35.15,9.3,3,bus;person,data/frames/scene08_camA/scene08_camA_f000435.jpg,data/labels/scene08_camA/scene08_camA_f000435.txt
